ID,Código EAP,Pacote EAP,Descrição,Stakeholder,Prioridade,Tipo do requisito,Status,Origem no TAP
RQ-01,1,Gerenciamento do Projeto,"Registros de premissas, riscos, decisões e mudanças mantidos atualizados e desempenho do projeto reportado à Força de Submarinos",Patrocinador do projeto,1,Não funcional,NI,"TAP, seção 12"
RQ-02,1,Gerenciamento do Projeto,"MVP recebido, integrado e configurado dentro do prazo aprovado",Força de Submarinos,1,Não funcional,NI,"TAP, seção 10 (indicador 10.1); seção 11 (M-05)"
RQ-03,1,Gerenciamento do Projeto,"Encerramento formal aprovado pela Força de Submarinos, com pendências aceitas ou transferidas, lições aprendidas registradas e recomendação de continuidade",Força de Submarinos,1,Não funcional,NI,"TAP, seção 4 (entrega 10); seção 15"
RQ-04,2,Necessidades e Requisitos,Necessidade operacional dos Distritos e grupamentos consolidada e mapa de usuários definido,Distritos e grupamentos,1,Não funcional,NI,"TAP, seção 2 (objetivo 1); seção 4 (entrega 2); seção 11 (M-02)"
RQ-05,2,Necessidades e Requisitos,"CONOPS e envelope operacional definidos e aprovados, com limites de correnteza, rebojo e visibilidade explicitados e interpretação do valor de 30 cm confirmada",Força de Submarinos,1,Não funcional,NI,"TAP, seção 4 (entrega 3); seção 6 (itens 3 a 5); seção 9 (risco 1.6); seção 11 (M-02 e M-03)"
RQ-06,2,Necessidades e Requisitos,"Arquitetura modular especificada com núcleo, interfaces e critérios verificáveis, e configuração do MVP definida","Áreas de ciência, tecnologia e inovação",1,Não funcional,NI,"TAP, seção 4 (entrega 5); seção 9 (risco 1.2)"
RQ-07,2,Necessidades e Requisitos,Requisitos rastreáveis aos critérios de aceitação e aprovados pela autoridade competente,Força de Submarinos,1,Não funcional,NI,"TAP, seção 3 (requisito 17); seção 6 (item 9)"
RQ-08,3.1,TAF,Arquitetura modular que permita a instalação ou substituição de aparatos e acessórios conforme a faina,Engenharia e manutenção,1,Não funcional,NI,"TAP, seção 3 (requisito 1)"
RQ-09,3.1,TAF,"MVP com câmera e iluminação, sem sonar e sem garra/manipulador",Força de Submarinos,1,Funcional,NI,"TAP, seção 3 (requisito 8); seção 6 (item 6)"
RQ-10,3.1,TAF,Autonomia mínima de 2h30 em condição nominal de operação,Distritos e grupamentos,1,Não funcional,NI,"TAP, seção 2 (objetivo 5); seção 3 (requisito 5); seção 10 (indicador 10.3)"
RQ-11,3.1,TAF,Umbilical com alcance mínimo de 50 m,Militares especializados,1,Não funcional,NI,"TAP, seção 3 (requisito 6); seção 6 (item 7)"
RQ-12,3.1,TAF,Mecanismo de recuperação e gestão dinâmica do umbilical,Militares especializados,1,Funcional,NI,"TAP, seção 3 (requisito 6); seção 6 (item 7)"
RQ-13,3.1,TAF,Produção e armazenamento de imagens e vídeos em 1080p a 30 fps e 4K a 15 fps,Distritos e grupamentos,1,Funcional,NI,"TAP, seção 2 (objetivo 5); seção 3 (requisito 7)"
RQ-14,3.1,TAF,"Comportamentos de proteção para situações de impacto, perda de comunicação ou carga anormal associada ao umbilical",Engenharia e manutenção,1,Funcional,NI,"TAP, seção 3 (requisito 11); seção 9 (risco 1.5)"
RQ-15,3.2,TAM,"Operação por uma única pessoa treinada, a partir de terra, em cais ou margem",Militares especializados,1,Não funcional,NI,"TAP, seção 2 (objetivo 3); seção 3 (requisito 2); seção 6 (item 1)"
RQ-16,3.2,TAM,"Operação em água doce e salgada, preferencialmente em ambientes abrigados",Distritos e grupamentos,1,Não funcional,NI,"TAP, seção 3 (requisito 3); seção 6 (item 3)"
RQ-17,3.2,TAM,Profundidade nominal de operação de até 10 m e profundidade máxima de projeto de 30 m,Força de Submarinos,1,Não funcional,NI,"TAP, seção 2 (objetivo 4); seção 3 (requisito 4); seção 10 (indicador 10.3)"
RQ-18,3.2,TAM,"Apoio à inspeção visual de ferro, casco, hélice e demais estruturas submersas definidas no CONOPS",Distritos e grupamentos,1,Funcional,NI,"TAP, seção 3 (requisito 9)"
RQ-19,3.2,TAM,"Localização visual de objetos no fundo ou leito, sem requisito de recuperação física no MVP",Mergulhadores e especialistas SAR,1,Funcional,NI,"TAP, seção 3 (requisito 10)"
RQ-20,3.2,TAM,Imagens e registros associados às missões de inspeção e busca como resultados principais do MVP,Distritos e grupamentos,1,Funcional,NI,"TAP, seção 3 (requisito 16)"
RQ-21,3.2,TAM,Observância dos limites de emprego: vedação de rebojo perigoso e de correnteza acima de 5 nós e interrupção fora do limite de visibilidade aprovado,Autoridades de segurança e áreas de teste,1,Não funcional,NI,"TAP, seção 6 (itens 4 e 5)"
RQ-22,3.3,Aprovação das planilhas de testes,"Testes de bancada e de campo, em água doce e salgada, com critérios de aceitação previamente definidos",Força de Submarinos,1,Não funcional,NI,"TAP, seção 3 (requisito 15); seção 6 (item 9)"
RQ-23,3.3,Aprovação das planilhas de testes,100% dos testes críticos aprovados antes do piloto operacional,Força de Submarinos,1,Não funcional,NI,"TAP, seção 10 (indicador 10.2); seção 15"
RQ-24,3.4,Recebimento de sobressalentes e consumíveis,Recebimento dos sobressalentes iniciais,Logística e cadeia de suprimento,1,Não funcional,NI,"TAP, seção 3 (requisito 13); seção 10 (indicador 10.4); seção 15"
RQ-25,4.1,Cursos e piloto operacional,Treinamento básico de operadores e mantenedores,Militares especializados,1,Não funcional,NI,"TAP, seção 3 (requisito 13); seção 10 (indicador 10.4); seção 15"
RQ-26,4.1,Cursos e piloto operacional,"Piloto operacional avaliado e aprovado pela Força de Submarinos, com relatório de resultados, desempenho, limites e benefícios",Força de Submarinos,1,Não funcional,NI,"TAP, seção 4 (entrega 9); seção 10 (indicador 10.5); seção 15"
RQ-27,4.1,Cursos e piloto operacional,Avaliação do benefício de redução da exposição humana em reconhecimentos preliminares,Mergulhadores e especialistas SAR,2,Não funcional,NI,"TAP, seção 2 (objetivo 7); seção 5 (justificativa 2)"
RQ-28,4.2,Documentação técnica e gestão do conhecimento,"Procedimentos de operação, lançamento, gestão do fio, recuperação, lavagem, dessalinização, armazenamento e transporte",Militares especializados,1,Não funcional,NI,"TAP, seção 3 (requisito 12)"
RQ-29,4.2,Documentação técnica e gestão do conhecimento,"Documentação técnica entregue, aprovada e disponibilizada às organizações usuárias",Engenharia e manutenção,1,Não funcional,NI,"TAP, seção 2 (objetivo 6); seção 3 (requisito 13); seção 10 (indicador 10.4); seção 15"
RQ-30,4.2,Documentação técnica e gestão do conhecimento,"Vida útil de projeto de 10 anos e apoio de manutenção por cinco anos, com plano de manutenção entregue",Logística e cadeia de suprimento,1,Não funcional,NI,"TAP, seção 3 (requisito 14); seção 10 (indicador 10.4); seção 15"
